19693d1d-f9e2-41ce-ac6c-f86d2142d3b2;91df09b5-69af-39b5-a64d-1506f50fa4bb;новый пост;1726841251;
c1a2540d-6384-4c72-b11a-fb9051b65c92;91df09b5-69af-39b5-a64d-1506f50fa4bb;Ещё один пост;1726845039;
4270310a-1309-4f64-b823-99bfc55a240b;3e10f8c8-0924-3d3a-8f94-c18e7addb866;Третий пост;1726845081;
a9052293-b7fb-4a37-ba85-24202abdbe95;3e10f8c8-0924-3d3a-8f94-c18e7addb866;Ещё пост - 2;1726852873;
78b0b195-f2de-42e1-8b0c-2724337c8b8d;aee37c30-f5d0-31a4-9552-6f636a3527bb;пост Nom'а - 1;1727363430;
4f2e8554-5054-4d54-99f4-38d5ab58af38;aee37c30-f5d0-31a4-9552-6f636a3527bb;пост Nom'а - 1;1727371828;
4973448c-0d84-42ca-a76a-c31a1cf83987;aee37c30-f5d0-31a4-9552-6f636a3527bb;пост Nom'а - 1;1727417486;
5bf84e7f-6895-470f-b0a4-785c76c21779;d1085705-5a91-383d-b1b5-c49094657e10;новый пост - 1;1727418739;
78b0b195-f2de-42e1-8b0c-2724337c8b7d;aa44061c-62f5-37a9-b126-43053134c2d6;пост Nom1'а - 1;1727363430;
4f2e8554-5054-4d54-99f4-38d5ab68af38;aa44061c-62f5-37a9-b126-43053134c2d6;второй пост Nom1'а - 1;1727371828;
4973438c-0d84-42ca-a76a-c31a1cf83987;d1085705-5a91-383d-b1b5-c49094657e10;пост Alex-2'а;1727417486;
5bf84e7f-6805-470f-b0a4-785c76c21779;d1085705-5a91-383d-b1b5-c49094657e10;новый пост Alex-2;1726845039;
7473be9f-b4ed-48e1-bb4a-9b65ae667bbb;027368cd-2137-3bc4-859d-50920cf6aedc;qwe 1 image;1728485368;
0cdbe261-4d95-45bf-8936-76796b4bde91;027368cd-2137-3bc4-859d-50920cf6aedc;qwe 1 image;1728485473;
52bc8df5-57cc-4598-b03f-efd35c40c9b8;027368cd-2137-3bc4-859d-50920cf6aedc;qwe 1 image;1728486189;
d03249b1-e9ab-454b-9d52-900b96c4690e;027368cd-2137-3bc4-859d-50920cf6aedc;qwe 4 image;1728486552;
