f9e10c15-12e9-3afe-a074-758c789a2bc0;a9052293-b7fb-4a37-ba85-24202abdbe95;0cdb37b3-75ab-4b65-bce6-09d3c4985578;true;1727584751;
d6bea706-47d0-3e9c-8e41-eb252ed93115;a9052293-b7fb-4a37-ba85-24202abdbe95;3e10f8c8-0924-3d3a-8f94-c18e7addb866;false;1727584751;
a0a95245-1544-3543-820a-d5a3ef6aad09;4973448c-0d84-42ca-a76a-c31a1cf83987;9147a6dc-c76e-359d-9855-a4480e5c7de9;true;1727584751;
c37c4dd5-7a00-348f-84c0-9930318e8057;d03249b1-e9ab-454b-9d52-900b96ca69de;027368cd-2137-3bc4-859d-50920cf6aedc;false;1727584752;
c37c4dd5-7a00-348f-84c0-9930318e8054;a9052293-b7fb-4a37-ba85-24202abdbe95;3e10f8c8-0924-3d3a-8f94-c18e7addb866;true;1727583752;
c37c4dd5-7a00-348f-84c0-9930318e8072;4973448c-0d84-42ca-a76a-c31a1cf83987;0cdb37b3-75ab-4b65-bce6-09d3c4985578;true;1727587752;
c37c4dd5-7a00-348f-84c0-9930318e8093;d03249b1-e9ab-454b-9d52-900b96ca69de;9147a6dc-c76e-359d-9855-a4480e5c7de9;false;1727586752;
d6bea706-47d0-3e9c-8e41-eb252ed9512d;5bf84e7f-6895-470f-b0a4-785c76c21779;3e10f8c8-0924-3d3a-8f94-c18e7addb866;true;1727584751;
d6bea706-47d0-3e9c-8e41-eb252e49314f;5bf84e7f-6895-470f-b0a4-785c76c21779;027368cd-2137-3bc4-859d-50920cf6aedc;false;1727584751;
d6bea706-47d0-3e9c-8e41-eb252e410110;5bf84e7f-6895-470f-b0a4-785c76c21779;aa44061c-62f5-37a9-b126-43053134c2d6;true;1727588233;
